ProblemName,T_default,T_farkasdiving,T_farkasdiving-no-confs,T_farkasdiving-no-sols,N_default,N_farkasdiving,N_farkasdiving-no-confs,N_farkasdiving-no-sols,DivingSolsMax_default,DivingSolsMax_farkasdiving,DivingSolsMax_farkasdiving-no-confs,DivingSolsMax_farkasdiving-no-sols,FDSols_default,FDSols_farkasdiving,FDSols_farkasdiving-no-confs,FDSols_farkasdiving-no-sols,DivingBestSolsMax_default,DivingBestSolsMax_farkasdiving,DivingBestSolsMax_farkasdiving-no-confs,DivingBestSolsMax_farkasdiving-no-sols,FDBestSols_default,FDBestSols_farkasdiving,FDBestSols_farkasdiving-no-confs,FDBestSols_farkasdiving-no-sols,DivingConfsMax_default,DivingConfsMax_farkasdiving,DivingConfsMax_farkasdiving-no-confs,DivingConfsMax_farkasdiving-no-sols,FDConfs_default,FDConfs_farkasdiving,FDConfs_farkasdiving-no-confs,FDConfs_farkasdiving-no-sols,TQ+1_default,TQ+1_farkasdiving,TQ+1_farkasdiving-no-confs,TQ+1_farkasdiving-no-sols,NQ+100_default,NQ+100_farkasdiving,NQ+100_farkasdiving-no-confs,NQ+100_farkasdiving-no-sols
Test3,4.23,4.34,4.29,4.34,2,2,2,2,0,0,0,0,0,1,1,0,0,1,1,0,0,1,1,0,0,0,0,0,0,0,0,0,1,1.02103250478011,1.01147227533461,1.02103250478011,1,1,1,1
beasleyC3,45.85,41.76,44.44,45.49,378,352,341,438,0,0,0,0,0,122,116,0,0,0,0,0,0,0,0,0,1,14,0,14,0,14,0,14,1,0.912700106723586,0.969903948772679,0.992315901814301,1,0.94560669456067,0.922594142259414,1.1255230125523
beasleyC3,54.14,25.94,39.68,24.93,515,2,38,2,1,0,3,0,0,109,107,0,0,0,0,0,0,0,0,0,5,25,1,22,0,25,0,22,1,0.488574537540805,0.737758433079434,0.470257526296699,1,0.165853658536585,0.224390243902439,0.165853658536585
beasleyC3,44.79,21.82,47.06,26.61,170,2,441,4,0,0,0,0,0,128,125,0,0,0,0,0,0,0,0,0,0,63,0,50,0,63,0,50,1,0.498362087792094,1.04957414282594,0.602970080803669,1,0.377777777777778,2.0037037037037,0.385185185185185
beasleyC3,16.53,19.37,19.78,19.24,2,2,2,2,0,0,0,0,0,39,40,0,0,0,0,0,0,0,0,0,0,8,0,2,0,8,0,2,1,1.16200798630918,1.18539646320593,1.15459212778095,1,1,1,1
bell3a,0.7,1.33,1.16,1.44,2445,4756,4553,4756,15,16,16,16,0,11,11,0,0,0,0,0,0,0,0,0,19,55,16,55,0,1,0,1,1,1.37058823529412,1.27058823529412,1.43529411764706,1,1.90805500982318,1.82829076620825,1.90805500982318
bell3a,0.62,1.52,1.42,1.57,2184,5762,5890,5762,12,16,16,16,0,11,11,0,0,0,0,0,0,0,0,0,27,58,19,58,0,1,0,1,1,1.55555555555556,1.49382716049383,1.58641975308642,1,2.56654991243433,2.62259194395797,2.56654991243433
bell3a,0.83,1.65,1.27,1.63,3116,5707,4673,5707,15,16,16,16,0,11,11,0,0,0,0,0,0,0,0,0,30,57,19,57,0,1,0,1,1,1.44808743169399,1.24043715846995,1.43715846994536,1,1.8056592039801,1.48414179104478,1.8056592039801
bell3a,0.81,1.67,1.44,1.63,2720,5731,5784,5731,15,16,16,16,0,11,11,0,0,0,0,0,0,0,0,0,27,49,18,49,0,1,0,1,1,1.47513812154696,1.34806629834254,1.45303867403315,1,2.0677304964539,2.08652482269504,2.0677304964539
bell5,0.5,0.5,0.5,0.5,444,277,258,379,28,34,25,28,0,17,23,0,0,1,1,0,0,1,1,0,133,65,34,181,0,11,0,35,1,1,1,1,1,0.693014705882353,0.658088235294118,0.880514705882353
bell5,0.5,0.5,0.5,0.5,339,395,399,395,18,16,11,16,0,43,45,0,0,6,6,0,0,6,6,0,10,10,12,10,0,5,0,5,1,1,1,1,1,1.12756264236902,1.13667425968109,1.12756264236902
bell5,0.5,0.5,0.5,0.5,196,291,292,197,24,19,19,25,0,40,40,0,1,3,3,2,0,3,3,0,22,54,54,22,0,32,0,16,1,1,1,1,1,1.32094594594595,1.32432432432432,1.00337837837838
bell5,0.5,0.5,0.5,0.5,451,126,619,406,28,12,13,24,0,36,29,0,0,1,1,0,0,1,1,0,144,11,9,158,0,11,0,37,1,1,1,1,1,0.41016333938294,1.3049001814882,0.918330308529946
binkar10_1,25.43,21.85,26.55,22.08,2435,1867,1981,1818,1,1,0,0,0,1,1,0,1,1,1,0,0,1,1,0,12,34,13,22,0,34,0,14,1,0.864547862277715,1.04237608777904,0.873250094589482,1,0.775936883629191,0.820907297830375,0.756607495069034
binkar10_1,37.03,41.13,31.27,21.12,2686,3693,2880,2020,0,1,0,0,0,1,1,0,0,1,1,0,0,1,1,0,26,137,29,19,0,137,0,0,1,1.10780962398107,0.848540625821719,0.581646068892979,1,1.36145010768126,1.06963388370424,0.760947595118449
binkar10_1,21.76,34.29,25.46,19.53,1927,2654,2580,1687,2,0,0,1,0,1,1,0,2,1,1,1,0,1,1,0,18,152,19,23,0,152,0,10,1,1.55052724077329,1.16256590509666,0.902021089630931,1,1.35865811544154,1.32215096201283,0.881598421312284
binkar10_1,35.34,33.82,29.06,33.52,4380,3972,3130,3220,1,0,2,3,0,1,1,0,1,1,2,3,0,1,1,0,34,224,37,40,0,224,0,11,1,0.958172812328013,0.827187671986791,0.949917446340121,1,0.908928571428571,0.720982142857143,0.741071428571429
blend2,0.91,1.21,1.23,0.74,832,1026,1035,707,1,1,1,0,0,1,1,0,1,1,1,0,0,1,1,0,14,22,22,8,0,19,0,5,1,1.15706806282723,1.16753926701571,0.910994764397906,1,1.20815450643777,1.21781115879828,0.86587982832618
bley_xl1,164.9,167.76,169.01,169.03,1,2,2,2,0,0,0,0,0,2,2,0,0,2,2,0,0,2,2,0,0,0,0,0,0,0,0,0,1,1.0172393007836,1.024773960217,1.02489451476793,1,1.00990099009901,1.00990099009901,1.00990099009901
bley_xl1,194.1,195.6,196.3,197.23,28,42,42,38,0,0,0,0,0,1,1,0,0,1,1,0,0,1,1,0,0,0,0,0,0,0,0,0,1,1.00768836494106,1.01127626858022,1.01604305484367,1,1.109375,1.109375,1.078125
cap6000,2.87,3.39,3.24,2.84,1978,2014,1856,1878,15,13,12,7,0,66,26,0,0,0,0,0,0,0,0,0,65,74,62,72,0,74,0,72,1,1.1343669250646,1.09560723514212,0.992248062015504,1,1.01732435033686,0.941289701636189,0.951876804619827
cap6000,2.65,3.66,3.43,3.58,1668,2486,2559,2486,12,6,25,8,0,67,27,0,1,0,0,0,0,0,0,0,66,69,87,69,0,69,0,69,1,1.27671232876712,1.21369863013699,1.25479452054795,1,1.46266968325792,1.5039592760181,1.46266968325792
cap6000,3.1,3.66,3.47,3.61,2113,2205,2451,2205,20,10,22,12,0,64,27,0,0,0,0,0,0,0,0,0,51,100,47,100,0,100,0,100,1,1.13658536585366,1.09024390243902,1.12439024390244,1,1.04157252598283,1.15273384545865,1.04157252598283
cap6000,3.18,3.09,3.34,2.97,2086,1646,2406,1646,22,16,27,20,0,63,28,0,1,0,0,0,0,0,0,0,50,97,43,97,0,97,0,97,1,0.978468899521531,1.03827751196172,0.949760765550239,1,0.79871912168344,1.14638609332113,0.79871912168344
dcmulti,2.22,1.51,1.65,1.61,82,118,165,123,0,0,0,1,0,1,1,0,0,1,1,1,0,1,1,0,0,14,0,14,0,14,0,14,1,0.779503105590062,0.822981366459627,0.81055900621118,1,1.1978021978022,1.45604395604396,1.22527472527473
dfn-gwin-UUM,143.1,89.58,83.77,90.41,39424,21399,18236,21173,87,30,43,43,0,103,104,0,8,5,6,9,0,5,5,0,13,29,14,20,0,27,0,13,1,0.628591256072172,0.588272033310201,0.634351145038168,1,0.543947980973586,0.463920655804068,0.538229936241271
dfn-gwin-UUM,96.16,82.05,80.24,88.05,24607,19496,19471,21407,106,22,31,91,0,112,103,0,7,3,6,3,0,2,2,0,98,84,6,70,0,12,0,70,1,0.854775627830383,0.836146562371346,0.916529435981886,1,0.793135548629943,0.792123689642611,0.870482049621565
dfn-gwin-UUM,121.8,127.31,118.51,146.92,32723,34489,29139,37590,98,34,96,47,0,91,98,0,4,6,7,5,0,4,4,0,16,25,21,34,0,22,0,7,1,1.04486970684039,0.973208469055375,1.20456026058632,1,1.05380373518569,0.890808274685434,1.14828016939341
dfn-gwin-UUM,96.94,96.34,85.15,90.8,23175,25789,22857,22316,92,78,45,65,0,99,107,0,4,8,6,6,0,5,5,0,18,28,33,32,0,23,0,10,1,0.993873800285889,0.879620175617725,0.937308556258934,1,1.11230934479055,0.986337271750806,0.963093447905478
eil33-2,76.61,62.38,62.94,82.25,653,603,603,693,0,0,0,0,0,2,2,0,0,1,1,0,0,1,1,0,0,0,0,0,0,0,0,0,1,0.816647339260405,0.823862904264914,1.07267104754542,1,0.933598937583001,0.933598937583001,1.0531208499336
eil33-2,66.79,81.77,82.57,81.16,665,741,741,653,0,0,0,0,0,2,2,0,0,1,1,0,0,1,1,0,0,0,0,0,0,0,0,0,1,1.22097654521316,1.23277769582534,1.21197816787137,1,1.09934640522876,1.09934640522876,0.984313725490196
eil33-2,75.19,64.87,64.51,67.98,677,517,517,651,0,0,0,0,0,1,1,0,0,1,1,0,0,1,1,0,0,0,0,0,0,0,0,0,1,0.864549153432209,0.859824123900774,0.905368158550991,1,0.794079794079794,0.794079794079794,0.966537966537966
eil33-2,80.46,63.02,63.06,72.4,629,603,603,681,0,0,0,0,0,2,2,0,0,1,1,0,0,1,1,0,0,0,0,0,0,0,0,0,1,0.785907193714707,0.786398232261233,0.901055732875031,1,0.964334705075446,0.964334705075446,1.07133058984911
eilB101,466.6,327.23,331.11,272.58,13787,9255,9255,7230,4,0,0,0,0,5,5,0,0,1,1,0,0,1,1,0,13,8,5,5,0,8,0,0,1,0.701946107784431,0.71024379811805,0.585072711719418,1,0.67365161661986,0.67365161661986,0.527831785122777
eilB101,432.96,461.51,481.58,475.42,10965,12556,13684,13324,0,3,3,1,0,4,4,0,0,0,0,0,0,0,0,0,71,39,4,10,0,39,0,4,1,1.06578947368421,1.11203797585031,1.09784311918149,1,1.1437867148667,1.24572977858111,1.21319475824672
eilB101,375.87,528.13,488.5,315.6,10774,16616,14447,9004,5,2,1,0,0,5,8,0,0,1,1,0,0,1,1,0,14,69,18,24,0,69,0,18,1,1.40401199352562,1.29885636957041,0.840077480298246,1,1.53724480411992,1.33777818649991,0.837226411624057
eilB101,497.08,343.99,340.19,311.1,15515,10412,10412,8388,0,0,0,0,0,5,5,0,0,1,1,0,0,1,1,0,38,8,5,5,0,8,0,0,1,0.6926397365885,0.685010440089945,0.626606167683906,1,0.673198847262248,0.673198847262248,0.543579891130323
fast0507,268.91,148.86,149.9,125.86,1067,726,730,605,11,0,0,0,0,26,26,0,0,0,0,0,0,0,0,0,4,5,0,0,0,5,0,0,1,0.555222111074062,0.559075247304657,0.470008521358971,1,0.707797772065124,0.711225364181662,0.604113110539846
fast0507,168.78,166.87,166.75,159.2,667,839,839,803,9,0,0,0,0,26,26,0,0,0,0,0,0,0,0,0,1,8,3,1,0,8,0,0,1,0.988750147249382,0.988043350217929,0.943574036989044,1,1.22425032594524,1.22425032594524,1.17731421121252
fast0507,160.64,136.65,136.8,146.03,737,618,622,682,15,0,0,0,0,34,34,0,0,0,0,0,0,0,0,0,1,5,1,3,0,5,0,0,1,0.851583766394457,0.852511754516209,0.909613956941351,1,0.857825567502987,0.862604540023895,0.934289127837515
fast0507,192.3,221.89,218.64,148.91,930,1065,1065,739,20,0,0,0,0,25,25,0,0,0,0,0,0,0,0,0,3,43,4,1,0,43,0,0,1,1.15307811691671,1.13626487325401,0.775530263838593,1,1.13106796116505,1.13106796116505,0.814563106796116
fixnet6,4.48,5.31,4.81,4.78,3,4,3,3,0,0,0,0,0,34,36,0,0,1,1,0,0,1,1,0,0,8,0,0,0,8,0,0,1,1.1514598540146,1.06021897810219,1.05474452554745,1,1.00970873786408,1,1
fixnet6,5.82,5.26,5.1,5.16,4,3,4,3,0,0,0,0,0,22,26,0,0,0,0,0,0,0,0,0,0,13,0,2,0,13,0,2,1,0.917888563049853,0.894428152492668,0.903225806451613,1,0.990384615384615,1,0.990384615384615
fixnet6,6.18,4.83,4.93,4.79,4,3,3,3,0,0,0,0,0,24,24,0,0,0,0,0,0,0,0,0,0,4,0,2,0,4,0,2,1,0.811977715877437,0.825905292479109,0.806406685236769,1,0.990384615384615,0.990384615384615,0.990384615384615
fixnet6,4.55,4.61,4.55,4.57,3,2,2,2,0,0,0,0,0,23,23,0,0,0,0,0,0,0,0,0,0,4,0,4,0,4,0,4,1,1.01081081081081,1,1.0036036036036,1,0.990291262135922,0.990291262135922,0.990291262135922
gesa2,0.5,0.5,0.51,0.5,2,2,2,2,0,0,0,0,0,1,1,0,0,1,1,0,0,1,1,0,0,0,0,0,0,0,0,0,1,1,1.00666666666667,1,1,1,1,1
gesa2,0.5,0.53,0.55,0.55,2,2,2,2,0,0,0,0,0,1,1,0,0,1,1,0,0,1,1,0,0,0,0,0,0,0,0,0,1,1.02,1.03333333333333,1.03333333333333,1,1,1,1
gesa2-o,0.5,0.6,0.6,0.57,2,1,2,1,0,0,0,0,0,1,1,0,0,1,1,0,0,1,1,0,0,10,0,10,0,10,0,10,1,1.06666666666667,1.06666666666667,1.04666666666667,1,0.990196078431373,1,0.990196078431373
gesa2-o,0.59,0.71,0.72,0.68,2,2,2,2,0,0,0,0,0,1,1,0,0,1,1,0,0,1,1,0,0,3,0,3,0,3,0,3,1,1.07547169811321,1.08176100628931,1.05660377358491,1,1,1,1
gesa3,6.82,5.53,7.44,5.33,10,7,8,6,0,0,0,0,0,1,0,0,0,1,0,0,0,1,0,0,0,58,0,54,0,58,0,54,1,0.835038363171356,1.07928388746803,0.809462915601023,1,0.972727272727273,0.981818181818182,0.963636363636364
gesa3,5.48,5.72,7.29,5.57,7,6,12,7,0,0,0,0,0,1,0,0,0,1,0,0,0,1,0,0,0,98,0,69,0,98,0,69,1,1.03703703703704,1.27932098765432,1.01388888888889,1,0.990654205607477,1.04672897196262,1
gesa3,5.03,9.86,8,9.05,6,8,7,10,0,0,0,0,0,1,0,0,0,1,0,0,0,1,0,0,0,81,0,81,0,81,0,81,1,1.80099502487562,1.49253731343284,1.66666666666667,1,1.0188679245283,1.00943396226415,1.0377358490566
gesa3_o,2.19,3.33,2.28,3.34,6,5,6,7,0,0,0,0,0,1,1,0,0,1,1,0,0,1,1,0,0,33,0,24,0,33,0,24,1,1.35736677115987,1.0282131661442,1.36050156739812,1,0.990566037735849,1,1.00943396226415
lectsched-4-obj,60.5,29.41,24.61,18.64,857,973,2216,476,2,1,1,1,0,2,0,0,2,2,1,1,0,2,0,0,174,26,0,8,0,17,0,7,1,0.494471544715447,0.416422764227642,0.319349593495935,1,1.12121212121212,2.42006269592476,0.601880877742947
lectsched-4-obj,39.21,65.62,39.34,70.17,2136,7311,2494,11582,2,1,3,1,0,1,2,0,2,1,3,1,0,1,2,0,110,50,79,47,0,24,0,18,1,1.65680179059935,1.0032330266103,1.76995772195971,1,3.31440071556351,1.16010733452594,5.22450805008945
mik-250-1-100-1,64.83,52.86,64.87,54.43,22968,21582,24170,21978,0,1,1,1,0,32,44,0,0,0,0,0,0,0,0,0,89,164,36,150,0,164,0,150,1,0.81816800850676,1.00060762570257,0.842017317332523,1,0.939916767816889,1.05210681463499,0.957083405583492
mik-250-1-100-1,38.86,39.91,45.35,39.39,15147,16857,16188,16991,2,2,1,2,0,49,48,0,0,0,0,0,0,0,0,0,37,78,46,62,0,78,0,62,1,1.02634219769192,1.1628198695434,1.01329653788259,1,1.11215321046763,1.0682757263724,1.12094182462124
mik-250-1-100-1,66.98,45.03,50.33,43.44,23266,17607,17437,17143,4,4,4,4,0,23,20,0,0,0,0,0,0,0,0,0,104,128,135,109,0,128,0,109,1,0.677110914974993,0.755075022065313,0.653721682847896,1,0.757810493879996,0.750534965334246,0.737952580672772
mik-250-1-100-1,100.62,40.55,38.73,38.83,34844,13152,12525,12593,3,1,2,1,0,41,49,0,0,0,0,0,0,0,0,0,81,128,59,94,0,128,0,94,1,0.408876205471364,0.390966345207636,0.391950403463885,1,0.379235347985348,0.361292353479853,0.363238324175824
mine-166-5,61.37,57.26,57.65,52.4,276,2077,1191,1157,0,0,1,0,0,1,1,0,0,1,1,0,0,1,1,0,0,163,7,55,0,163,0,55,1,0.934102934102934,0.94035594035594,0.856180856180856,1,5.78989361702128,3.43351063829787,3.34308510638298
mine-166-5,66.58,68.7,52.44,61.02,2802,147,984,1545,2,0,1,1,0,3,1,0,2,3,1,1,0,3,1,0,38,141,12,68,0,141,0,55,1,1.03137022787807,0.790766498964191,0.91772713820657,1,0.085113714679531,0.373535492763611,0.566850447966919
mine-166-5,46.54,58,54.72,42.25,2538,2207,1598,1517,1,1,1,1,0,1,2,0,1,1,2,0,0,1,2,0,81,75,32,120,0,58,0,55,1,1.24106015986538,1.17206562894405,0.909760201935212,1,0.874526156178923,0.643669446550417,0.612964366944655
mine-166-5,48.36,50.99,51.35,52.05,1615,1461,1069,3219,1,1,0,1,0,1,1,0,1,1,1,1,0,1,1,0,15,132,0,65,0,132,0,40,1,1.05328200972447,1.06057536466775,1.07475688816856,1,0.910204081632653,0.681632653061224,1.93527696793003
mine-90-10,397.37,228.35,177.19,116.26,38513,26592,22246,19667,0,1,1,0,0,1,3,0,0,1,3,0,0,1,3,0,1066,2451,2035,1384,0,178,0,21,1,0.575721063333082,0.447297738283505,0.294349474106986,1,0.691269779607904,0.578717012405148,0.511926035273094
mine-90-10,180.22,203.2,398.33,382.8,25651,32629,56082,42696,1,1,1,1,0,2,2,0,1,2,2,1,0,2,2,0,1253,1553,7211,2920,0,213,0,53,1,1.12680719567377,2.20356472795497,2.11786778501269,1,1.27097976777601,2.18174051493146,1.66191604209545
mine-90-10,342.6,168.55,372.99,187.62,47767,23014,46179,30862,2,1,1,1,0,2,2,0,2,2,2,3,0,2,2,0,2447,788,2118,1588,0,332,0,22,1,0.493451688009313,1.08844586728754,0.54895227008149,1,0.482879645684919,0.966824743560282,0.646833935696827
mine-90-10,691.71,261.14,206.78,213.86,76187,34052,31780,30679,1,2,0,1,0,1,2,0,1,2,2,1,0,1,2,0,2896,1872,1050,1002,0,208,0,52,1,0.37842675867246,0.299952361016876,0.310173088305351,1,0.447677848126155,0.417895578538939,0.403463237510978
misc03,0.78,0.83,0.78,0.8,23,20,20,25,0,0,0,0,0,1,1,0,0,1,1,0,0,1,1,0,0,0,0,0,0,0,0,0,1,1.02808988764045,1,1.01123595505618,1,0.975609756097561,0.975609756097561,1.01626016260163
misc03,0.6,0.66,0.69,0.73,29,29,33,31,0,0,0,0,0,2,2,0,0,2,2,0,0,2,2,0,0,0,0,0,0,0,0,0,1,1.0375,1.05625,1.08125,1,1,1.03100775193798,1.01550387596899
misc06,0.5,0.55,0.5,0.53,3,3,3,3,0,0,0,0,0,6,10,0,0,0,0,0,0,0,0,0,0,968,0,968,0,968,0,968,1,1.03333333333333,1,1.02,1,1,1,1
misc06,0.54,0.57,0.63,0.57,3,3,3,3,0,0,0,0,0,6,11,0,0,0,0,0,0,0,0,0,0,1009,0,1009,0,1009,0,1009,1,1.01948051948052,1.05844155844156,1.01948051948052,1,1,1,1
misc06,0.5,0.53,0.5,0.52,3,3,3,3,0,0,0,0,0,7,10,0,0,1,1,0,0,1,1,0,0,1034,0,1027,0,1034,0,1027,1,1.02,1,1.01333333333333,1,1,1,1
misc06,0.5,0.5,0.5,0.5,3,3,3,3,0,0,0,0,0,6,11,0,0,0,0,0,0,0,0,0,0,963,0,963,0,963,0,963,1,1,1,1,1,1,1,1
misc07,8.84,6.69,6.7,5.31,5035,2116,2116,1411,0,0,0,0,0,1,1,0,0,1,1,0,0,1,1,0,35,11,11,3,0,3,0,3,1,0.78150406504065,0.782520325203252,0.641260162601626,1,0.431548198636806,0.431548198636806,0.294255111976631
mkc1,7200,126.57,350.37,1799.73,2126006,18349,70484,537277,1,2,2,0,0,1,1,0,1,2,2,0,0,1,1,0,50,29,18,15,0,29,0,0,1,0.017715595056242,0.048794611859464,0.250066657408693,1,0.008677366039134,0.033198721042131,0.25275174426863
mkc1,89.67,41.04,3182.74,52.33,12288,2868,882187,4163,1,1,1,3,0,1,1,0,1,1,1,3,0,1,1,0,10,72,49,23,0,0,0,23,1,0.463659424285872,35.1134884746884,0.588176905260836,1,0.239586696803358,71.2211010655473,0.344123345172748
mod010,0.5,0.5,0.5,0.5,2,2,2,2,0,0,0,0,0,1,1,0,0,1,1,0,0,1,1,0,0,0,0,0,0,0,0,0,1,1,1,1,1,1,1,1
mod010,0.5,0.5,0.5,0.5,2,2,2,2,0,0,0,0,0,1,1,0,0,1,1,0,0,1,1,0,0,0,0,0,0,0,0,0,1,1,1,1,1,1,1,1
mod010,0.5,0.54,0.53,0.54,2,3,3,3,0,0,0,0,0,1,1,0,0,1,1,0,0,1,1,0,0,4,0,0,0,4,0,0,1,1.02666666666667,1.02,1.02666666666667,1,1.00980392156863,1.00980392156863,1.00980392156863
mod010,0.6,0.5,0.5,0.6,2,2,2,2,0,0,0,0,0,1,1,0,0,1,1,0,0,1,1,0,0,0,0,1,0,0,0,1,1,0.9375,0.9375,1,1,1,1,1
modglob,0.5,0.5,0.5,0.5,2,2,2,2,0,0,0,0,0,8,9,0,0,0,1,0,0,0,1,0,0,21,0,21,0,21,0,21,1,1,1,1,1,1,1,1
modglob,0.5,0.5,0.5,0.5,2,2,2,2,0,0,0,0,0,8,9,0,0,0,1,0,0,0,1,0,0,54,0,44,0,54,0,44,1,1,1,1,1,1,1,1
mzzv42z,130.46,175.77,158.9,183.64,174,321,250,439,1,1,1,1,0,1,1,0,1,1,1,1,0,1,1,0,1,16,16,9,0,0,0,0,1,1.34466757949186,1.21633957097216,1.40453369846341,1,1.53649635036496,1.27737226277372,1.96715328467153
mzzv42z,170.99,138.3,156.25,160.41,309,251,243,275,1,1,0,0,0,1,1,0,1,1,1,0,0,1,1,0,10,10,15,10,0,10,0,10,1,0.80993080993081,0.914297342868771,0.938484795627653,1,0.858190709046455,0.838630806845966,0.916870415647922
mzzv42z,154.5,159.45,149.82,208.21,214,285,187,323,0,0,1,1,0,1,1,0,0,1,1,1,0,1,1,0,14,3,0,11,0,3,0,3,1,1.03183279742765,0.969903536977492,1.34540192926045,1,1.22611464968153,0.914012738853503,1.34713375796178
n4-3,180.34,215.22,200.37,192.73,2929,3479,2917,3089,34,59,53,68,0,62,98,0,11,5,16,7,0,0,0,0,83,39,33,25,0,39,0,12,1,1.19234586963715,1.11045549795963,1.06832469394508,1,1.18157807857379,0.996038296467481,1.05282271376692
n4-3,230.02,165.48,186.03,180.31,2886,2039,2383,2265,116,58,36,54,0,62,52,0,19,11,7,7,0,0,0,0,40,18,11,25,0,18,0,14,1,0.720630248463336,0.809583585836724,0.784823824777076,1,0.716342933690556,0.831547220361688,0.792029470864032
n4-3,191.7,223.04,231.25,205.6,2706,3166,3361,2662,87,57,57,87,0,23,23,0,10,7,7,12,0,0,0,0,24,87,86,56,0,51,0,20,1,1.1626362221069,1.20524130773223,1.07213284898806,1,1.16393442622951,1.23342836778332,0.98431931575196
n4-3,212.68,235.73,187.65,286.3,3225,3427,2346,4559,36,85,67,159,0,107,81,0,5,8,10,15,0,0,0,0,26,67,156,87,0,67,0,29,1,1.10787158367653,0.882862223886185,1.34453388244103,1,1.06075187969925,0.735639097744361,1.4012030075188
neos-1061020,311.42,181.94,184.22,319.25,1553,935,935,1229,1,0,0,1,0,1,1,0,1,1,1,1,0,1,1,0,41,12,12,64,0,0,0,0,1,0.585557902823123,0.592855771077396,1.02506241597849,1,0.626134301270418,0.626134301270418,0.803992740471869
neos-1061020,332.57,370.39,376.76,177.77,1699,1957,1957,646,0,0,0,0,0,1,1,0,0,1,1,0,0,1,1,0,35,39,39,46,0,0,0,0,1,1.11337950055461,1.13247594208112,0.535929490062056,1,1.14341300722624,1.14341300722624,0.41467481934408
neos-1061020,226.36,205.68,208.04,186.81,835,956,956,765,0,0,0,0,0,1,1,0,0,1,1,0,0,1,1,0,39,16,16,42,0,0,0,0,1,0.909042927515834,0.919422941590429,0.826046798029557,1,1.12941176470588,1.12941176470588,0.925133689839572
neos-1109824,13.43,16.35,16.37,13.67,114,202,202,115,0,0,0,0,0,1,1,0,0,1,1,0,0,1,1,0,0,0,0,0,0,0,0,0,1,1.2023562023562,1.2037422037422,1.01663201663202,1,1.41121495327103,1.41121495327103,1.00467289719626
neos-1120495,5.6,27.62,27.52,5.25,21,24,24,15,0,0,0,0,0,2,2,0,0,2,2,0,0,2,2,0,0,0,0,0,0,0,0,0,1,4.33636363636364,4.32121212121212,0.946969696969697,1,1.02479338842975,1.02479338842975,0.950413223140496
neos-1120495,8.07,8.23,8.21,19.21,16,13,13,22,0,0,0,0,0,1,1,0,0,1,1,0,0,1,1,0,0,0,0,0,0,0,0,0,1,1.01764057331863,1.0154355016538,2.22822491730981,1,0.974137931034483,0.974137931034483,1.05172413793103
neos-1120495,4.36,6.72,6.78,4.37,3,12,8,7,0,0,0,0,0,1,1,0,0,1,1,0,0,1,1,0,0,6,0,0,0,6,0,0,1,1.44029850746269,1.45149253731343,1.00186567164179,1,1.0873786407767,1.04854368932039,1.03883495145631
neos-1281048,5.03,5.61,5.66,7,28,26,26,39,0,0,0,0,0,1,1,0,0,1,1,0,0,1,1,0,0,0,0,0,0,0,0,0,1,1.09618573797678,1.1044776119403,1.32669983416252,1,0.984375,0.984375,1.0859375
neos-1420205,3.41,5.1,5.69,5.08,4297,8283,9561,8283,0,0,0,0,0,1,1,0,0,1,1,0,0,1,1,0,62,59,47,59,0,59,0,59,1,1.38321995464853,1.51700680272109,1.37868480725624,1,1.90652717762111,2.19717989538322,1.90652717762111
neos-1420205,3.73,4.47,4.04,4.48,4342,7565,8141,7565,0,0,0,0,0,1,1,0,0,1,1,0,0,1,1,0,59,63,140,63,0,58,0,58,1,1.15644820295983,1.06553911205074,1.15856236786469,1,1.72557406573616,1.85524538496173,1.72557406573616
neos-1420205,5.26,1.83,1.77,1.75,8626,1792,1792,1792,0,0,0,0,0,1,1,0,0,1,1,0,0,1,1,0,61,18,18,18,0,14,0,14,1,0.452076677316294,0.442492012779553,0.439297124600639,1,0.216823286729315,0.216823286729315,0.216823286729315
neos-1420205,3.07,4.08,4.58,4.22,3874,8118,9215,8118,0,0,0,0,0,1,1,0,0,1,1,0,0,1,1,0,23,62,45,62,0,45,0,45,1,1.24815724815725,1.37100737100737,1.28255528255528,1,2.06794162053347,2.34398590840463,2.06794162053347
neos-1445743,45.92,48.08,48.13,45.42,3,3,3,3,0,0,0,0,0,9,9,0,0,3,3,0,0,3,3,0,0,0,0,0,0,0,0,0,1,1.0460358056266,1.04710144927536,0.989343563512361,1,1,1,1
neos-1445743,45.04,45.52,45.31,45.43,3,3,3,3,0,0,0,0,0,9,9,0,0,3,3,0,0,3,3,0,0,0,0,0,0,0,0,0,1,1.01042571676803,1.00586446568202,1.00847089487402,1,1,1,1
neos-1445755,51.9,55.01,53.27,52.11,3,4,4,3,0,0,0,0,0,6,6,0,0,1,1,0,0,1,1,0,0,4,0,0,0,4,0,0,1,1.05879017013233,1.02589792060492,1.00396975425331,1,1.00970873786408,1.00970873786408,1
neos-1445755,48.79,49.18,51.56,48.17,3,3,3,3,0,0,0,0,0,7,7,0,0,3,3,0,0,3,3,0,0,2,0,0,0,2,0,0,1,1.00783289817232,1.05563366137779,0.987547700341434,1,1,1,1
neos-1445755,49.54,52.48,52.42,51.85,3,4,4,4,0,0,0,0,0,6,6,0,0,1,1,0,0,1,1,0,0,19,0,0,0,19,0,0,1,1.05817174515235,1.05698456667986,1.04570637119114,1,1.00970873786408,1.00970873786408,1.00970873786408
neos-1445755,57.24,56.88,55.93,58.94,4,4,4,4,0,0,0,0,0,7,7,0,0,3,3,0,0,3,3,0,0,58,0,0,0,58,0,0,1,0.993818681318681,0.977506868131868,1.02918956043956,1,1,1,1
neos-1445765,56.44,53.3,53.54,54.34,86,71,71,71,0,0,0,0,0,7,7,0,0,1,1,0,0,1,1,0,0,0,0,0,0,0,0,0,1,0.94533426183844,0.949512534818942,0.963440111420613,1,0.919354838709677,0.919354838709677,0.919354838709677
neos-1445765,68.91,74.04,76.63,78.52,3,5,5,6,0,0,0,0,0,8,8,0,0,1,1,0,0,1,1,0,0,116,0,0,0,116,0,0,1,1.07338006007724,1.11042769274782,1.13746245172364,1,1.01941747572816,1.01941747572816,1.02912621359223
neos-1445765,81.97,79.17,78.44,78.42,7,6,6,7,0,0,0,0,0,8,9,0,0,1,2,0,0,1,2,0,0,28,0,0,0,28,0,0,1,0.966252862480414,0.957454501627094,0.957213450644811,1,0.990654205607477,0.990654205607477,1
neos-1445765,55.31,56.4,56.24,56.71,91,100,100,100,0,0,0,0,0,7,7,0,0,1,1,0,0,1,1,0,0,0,0,0,0,0,0,0,1,1.01935713017226,1.01651571656899,1.02486236902859,1,1.04712041884817,1.04712041884817,1.04712041884817
neos-1489999,2.88,2.9,2.84,2.87,30,31,31,28,0,0,0,0,0,1,1,0,0,1,1,0,0,1,1,0,0,0,0,0,0,0,0,0,1,1.00515463917526,0.989690721649485,0.997422680412371,1,1.00769230769231,1.00769230769231,0.984615384615385
neos-1489999,2.59,2.8,2.78,2.83,23,25,25,21,0,0,0,0,0,1,1,0,0,1,1,0,0,1,1,0,0,0,0,0,0,0,0,0,1,1.05849582172702,1.05292479108635,1.06685236768802,1,1.01626016260163,1.01626016260163,0.983739837398374
neos-1489999,2.53,2.75,2.76,2.52,31,28,28,29,0,0,0,0,0,1,1,0,0,1,1,0,0,1,1,0,0,0,0,0,0,0,0,0,1,1.06232294617564,1.06515580736544,0.997167138810198,1,0.977099236641221,0.977099236641221,0.984732824427481
neos-1489999,2.9,3.06,2.99,2.99,26,28,28,26,0,0,0,0,0,1,1,0,0,1,1,0,0,1,1,0,0,0,0,0,0,0,0,0,1,1.04102564102564,1.02307692307692,1.02307692307692,1,1.01587301587302,1.01587301587302,1
neos-494568,19.68,17.64,17.49,16.75,6,7,7,6,0,0,0,0,0,1,1,0,0,1,1,0,0,1,1,0,0,5,0,0,0,5,0,0,1,0.901353965183752,0.894100580270793,0.858317214700193,1,1.00943396226415,1.00943396226415,1
neos-494568,19.73,21.19,20.03,28.83,6,6,6,18,0,0,0,0,0,1,1,0,0,1,1,0,0,1,1,0,0,3,0,1,0,3,0,1,1,1.07042932947419,1.01447178002894,1.43897732754462,1,1,1,1.11320754716981
neos-494568,15.52,21.26,21.24,22.43,6,6,6,6,0,0,0,0,0,1,1,0,0,1,1,0,0,1,1,0,0,10,0,1,0,10,0,1,1,1.34745762711864,1.34624697336562,1.4182808716707,1,1,1,1
neos-498623,24.8,26.82,26.94,21.13,6,6,6,6,0,0,0,0,0,1,1,0,0,1,1,0,0,1,1,0,0,1,0,0,0,1,0,0,1,1.07829457364341,1.08294573643411,0.857751937984496,1,1,1,1
neos-498623,24.84,29.26,23.34,32.37,6,6,6,6,0,0,0,0,0,1,2,0,0,1,2,0,0,1,2,0,0,1,0,0,0,1,0,0,1,1.17105263157895,0.941950464396285,1.29140866873065,1,1,1,1
neos-498623,45.64,30.51,30.9,71.18,21,6,7,176,0,0,0,1,0,2,1,0,0,2,1,1,0,2,1,0,0,0,0,5,0,0,0,0,1,0.675600343053173,0.683962264150943,1.54759862778731,1,0.87603305785124,0.884297520661157,2.28099173553719
neos-504815,19.49,14.9,14.93,16.69,2922,2177,2177,3034,1,1,1,0,0,2,2,0,1,2,2,0,0,2,2,0,46,33,33,31,0,0,0,31,1,0.775988286969253,0.777452415812591,0.863347974621767,1,0.753474520185308,0.753474520185308,1.03706154864328
neos-504815,15.86,15.88,15.54,15.16,2964,2701,2543,2472,1,1,1,2,0,1,1,0,1,1,1,2,0,1,1,0,10,36,27,34,0,36,0,6,1,1.0011862396204,0.981020166073547,0.958481613285884,1,0.914164490861619,0.862597911227154,0.839425587467363
neos-504815,17.44,13.3,13.64,13.2,3753,1561,1559,1561,2,1,1,1,0,1,1,0,2,1,1,1,0,1,1,0,21,17,16,17,0,15,0,15,1,0.775488069414317,0.793926247288503,0.770065075921909,1,0.431092655073968,0.430573579029328,0.431092655073968
neos-504815,18.01,15.87,15.63,16.74,3466,2698,2613,2800,1,1,1,1,0,1,1,0,1,1,1,1,0,1,1,0,19,26,34,28,0,26,0,5,1,0.887427669647554,0.87480273540242,0.933193056286165,1,0.784632641615255,0.760796410544027,0.813236118900729
neos-522351,1.23,1.55,1.57,1.55,2,2,2,2,0,0,0,0,0,1,1,0,0,1,1,0,0,1,1,0,0,0,0,0,0,0,0,0,1,1.14349775784753,1.152466367713,1.14349775784753,1,1,1,1
neos-525149,2.54,2.12,2.16,5.49,2,1,1,21,0,0,0,0,0,1,1,0,0,1,1,0,0,1,1,0,0,0,0,0,0,0,0,0,1,0.88135593220339,0.892655367231638,1.83333333333333,1,0.990196078431373,0.990196078431373,1.18627450980392
neos-538867,68.04,58.5,53.98,101.51,23809,23137,21501,37172,0,0,1,0,0,1,1,0,0,1,1,0,0,1,1,0,550,551,544,424,0,328,0,113,1,0.861819235225956,0.796349942062572,1.48479142526072,1,0.971893429252583,0.90346731356393,1.55891087038354
neos-538867,54.31,64.9,71,53.61,27978,31065,31536,25068,1,0,0,0,0,1,1,0,1,1,1,0,0,1,1,0,765,706,602,373,0,391,0,93,1,1.19146628096185,1.30175375158199,0.987344060748508,1,1.10994372818577,1.12671842723841,0.896360139611083
neos-538867,100.49,49.22,51.52,57.33,33245,22694,22220,31366,0,0,0,0,0,1,1,0,0,1,1,0,0,1,1,0,202,393,299,541,0,211,0,83,1,0.494827076559267,0.517489407823431,0.57473642723421,1,0.683580746738641,0.669365721997301,0.943649722597091
neos-538916,39.98,35.66,36.09,27.91,8110,5392,5475,3712,0,0,0,0,0,1,1,0,0,1,1,0,0,1,1,0,223,272,301,164,0,156,0,26,1,0.894582723279649,0.905075646656906,0.705466081015129,1,0.668940316686967,0.67904993909866,0.464311814859927
neos-555298,58.31,53.14,52.54,53.14,1100,655,682,655,1,0,1,0,0,1,1,0,1,1,1,0,0,1,1,0,12,9,2,9,0,9,0,9,1,0.912830888551678,0.902714550665992,0.912830888551678,1,0.629166666666667,0.651666666666667,0.629166666666667
neos-555298,56.61,51.74,52.63,67.39,1014,685,581,1540,1,1,1,1,0,1,1,0,1,1,1,1,0,1,1,0,15,9,3,24,0,2,0,3,1,0.915466064919285,0.930914771741017,1.18712029161604,1,0.704667863554758,0.611310592459605,1.4721723518851
neos-555298,45.83,38.27,66,72.72,582,299,2907,1450,0,0,1,1,0,1,1,0,0,1,1,2,0,1,1,0,18,35,2,40,0,6,0,40,1,0.838565022421525,1.43070681187273,1.57420456972027,1,0.585043988269795,4.40909090909091,2.27272727272727
neos-555298,56.29,60.88,52.32,47.7,1091,638,628,468,0,0,1,0,0,1,1,0,0,1,1,0,0,1,1,0,46,26,32,19,0,14,0,3,1,1.08011869436202,0.930703438645488,0.850061092686333,1,0.619647355163728,0.611251049538203,0.476910159529807
neos-555343,262.55,571.14,7200,7200,13175,49279,1858894,989821,2,0,0,0,0,1,1,0,2,5,1,1,0,1,1,0,742,1002,15527,6761,0,1002,0,1864,1,2.17089736292924,27.323088597989,27.323088597989,1,3.71969868173258,140.037212806026,74.5703201506591
neos-555343,7200,3912.8,7200,2034.76,1098062,303934,277050,357426,1,0,0,0,0,1,1,0,2,1,1,1,0,1,1,0,6168,7402,3091,3215,0,2700,0,1058,1,0.543507846132482,1,0.282705179836134,1,0.276857148580993,0.252376243213661,0.325567630276772
neos-555424,1948.51,1107.6,7200,3971.19,433289,96804,1027293,479281,1,0,0,1,0,1,1,0,1,1,1,1,0,1,1,0,4953,2908,11350,5473,0,1231,0,1473,1,0.568655713486979,3.69374868556714,2.03753250816872,1,0.223595891912347,2.37060239184659,1.10612175205185
neos-555424,384.78,84.69,943.8,359.52,52136,3738,157763,57451,1,0,1,1,0,1,1,0,1,1,1,1,0,1,1,0,954,315,6259,1811,0,12,0,12,1,0.222121416351288,2.44906423350096,0.934522266576806,1,0.073474232330194,3.02211118768665,1.10174975112949
neos-555424,441.68,192.18,164.67,282.13,60699,20100,16489,35648,0,1,1,1,0,1,1,0,1,3,1,3,0,1,1,0,1216,396,650,842,0,5,0,5,1,0.43638745820909,0.374243245685371,0.639581639107256,1,0.332242306616885,0.272849882399382,0.587970196878238
neos-555424,786.56,6470.56,7200,7200,155876,929190,1191363,1050562,1,1,0,1,0,1,1,0,2,3,3,1,0,1,1,0,4404,8507,7531,15123,0,3309,0,4567,1,8.21722789374778,9.14343034181523,9.14343034181523,1,5.95790378006873,7.63875852695286,6.73604913576448
neos-555694,8.26,3.29,3.05,3.71,21,2,3,4,0,0,0,0,0,1,3,0,0,1,3,0,0,1,3,0,0,41,0,17,0,41,0,17,1,0.463282937365011,0.437365010799136,0.508639308855292,1,0.84297520661157,0.851239669421488,0.859504132231405
neos-555694,3.1,2.83,2.4,3.8,6,3,2,6,0,0,0,0,0,3,2,0,0,3,2,0,0,3,2,0,0,4,0,4,0,4,0,4,1,0.934146341463415,0.829268292682927,1.17073170731707,1,0.971698113207547,0.962264150943396,1
neos-555694,3.37,3.88,3.87,3.87,6,6,6,6,0,0,0,0,0,1,1,0,0,1,1,0,0,1,1,0,0,4,0,4,0,4,0,4,1,1.11670480549199,1.11441647597254,1.11441647597254,1,1,1,1
neos-555771,2.74,3.21,3.18,4.94,6,7,7,16,0,0,0,0,0,1,1,0,0,1,1,0,0,1,1,0,0,7,0,77,0,7,0,77,1,1.12566844919786,1.11764705882353,1.58823529411765,1,1.00943396226415,1.00943396226415,1.09433962264151
neos-555771,7.89,3.02,3.04,3.66,41,3,3,7,0,0,0,0,0,3,3,0,0,3,3,0,0,3,3,0,0,5,0,5,0,5,0,5,1,0.452193475815523,0.454443194600675,0.524184476940382,1,0.730496453900709,0.730496453900709,0.75886524822695
neos-555771,2.33,2.01,2,2.42,6,2,2,3,0,0,0,0,0,2,2,0,0,2,2,0,0,2,2,0,0,0,0,0,0,0,0,0,1,0.903903903903904,0.900900900900901,1.02702702702703,1,0.962264150943396,0.962264150943396,0.971698113207547
neos-555771,2.27,1,0.98,3.11,6,1,1,7,0,0,0,0,0,1,1,0,0,1,1,0,0,1,1,0,0,0,0,0,0,0,0,0,1,0.611620795107034,0.605504587155963,1.25688073394495,1,0.952830188679245,0.952830188679245,1.00943396226415
neos-595905,1.34,1.39,1.34,1.39,2,2,1,2,0,0,0,0,0,1,1,0,0,1,1,0,0,1,1,0,0,89,0,89,0,89,0,89,1,1.02136752136752,1,1.02136752136752,1,1,0.990196078431373,1
neos-603073,146.92,57.64,7200,250.26,37727,6238,2716184,49010,1,1,0,0,0,1,1,0,1,1,1,0,0,1,1,0,93,150,82,101,0,150,0,101,1,0.396430502974581,48.6817198485668,1.69862087614927,1,0.167552277473762,71.8080735982235,1.29827900705845
neos-603073,6383.98,34.69,83.95,390.57,2173680,3876,12125,112493,0,0,1,0,0,1,2,0,0,1,2,0,0,1,2,0,64,18,80,60,0,0,0,0,1,0.005589680782085,0.013304661878346,0.061326738689863,1,0.001829071939203,0.005623844179264,0.051795949912135
neos-603073,171.47,201.97,40.53,1295.84,32941,35671,4270,471155,0,0,1,0,0,1,1,0,0,2,1,0,0,1,1,0,36,77,41,48,0,77,0,38,1,1.1768423493941,0.240795500666783,7.5192207340407,1,1.08262461789897,0.132259919493962,14.2627341787476
neos-611838,26.61,28,27.7,27.64,282,292,292,292,2,0,0,0,0,16,16,0,1,2,2,1,0,2,2,0,1,0,0,0,0,0,0,0,1,1.05034407823252,1.03947844983702,1.03730532415791,1,1.0261780104712,1.0261780104712,1.0261780104712
neos-611838,29.33,28.23,27.87,28.03,319,226,226,226,0,0,0,0,0,15,15,0,0,0,0,0,0,0,0,0,0,0,0,0,0,0,0,0,1,0.963732278272338,0.951862842070557,0.957138147049126,1,0.778042959427208,0.778042959427208,0.778042959427208
neos-611838,25.72,25.04,24.77,24.87,272,197,197,197,2,1,1,1,0,14,14,0,2,1,1,1,0,0,0,0,0,0,0,0,0,0,0,0,1,0.974550898203593,0.964446107784431,0.968188622754491,1,0.798387096774194,0.798387096774194,0.798387096774194
neos-611838,28.96,28.85,28.5,28.62,210,204,204,204,1,1,1,1,0,11,11,0,0,0,0,0,0,0,0,0,0,0,0,0,0,0,0,0,1,0.996328437917223,0.984646194926569,0.988651535380507,1,0.980645161290322,0.980645161290322,0.980645161290322
neos-612125,19.94,19.65,19.5,19.51,45,76,76,76,1,0,0,0,0,8,8,0,0,0,0,0,0,0,0,0,0,0,0,0,0,0,0,0,1,0.986150907354346,0.978987583572111,0.979465138490926,1,1.21379310344828,1.21379310344828,1.21379310344828
neos-612125,23.16,20.96,20.82,20.84,154,62,62,62,0,0,0,0,0,10,10,0,0,0,0,0,0,0,0,0,0,0,0,0,0,0,0,0,1,0.908940397350993,0.903145695364238,0.903973509933775,1,0.637795275590551,0.637795275590551,0.637795275590551
neos-612125,24.09,19.53,19.37,19.34,175,38,38,38,0,0,0,0,0,8,8,0,0,0,0,0,0,0,0,0,0,0,0,0,0,0,0,0,1,0.818254284575528,0.811877241929055,0.810681546432842,1,0.501818181818182,0.501818181818182,0.501818181818182
neos-612125,21.59,26.58,26.33,26.3,161,23,23,23,0,0,0,0,0,21,21,0,0,0,0,0,0,0,0,0,0,0,0,0,0,0,0,0,1,1.22089420097388,1.20982735723772,1.20849933598938,1,0.471264367816092,0.471264367816092,0.471264367816092
neos-612143,27.24,26.58,26.28,26.36,203,216,216,216,0,0,0,0,0,13,13,0,0,0,0,0,0,0,0,0,0,0,0,0,0,0,0,0,1,0.976628895184136,0.966005665722379,0.968838526912181,1,1.04290429042904,1.04290429042904,1.04290429042904
neos-612143,24.71,23.09,22.98,22.92,177,116,116,116,1,1,1,1,0,13,13,0,0,0,0,0,0,0,0,0,0,0,0,0,0,0,0,0,1,0.936989498249708,0.93271100739012,0.930377285103073,1,0.779783393501805,0.779783393501805,0.779783393501805
neos-612143,32.28,28.07,27.57,27.74,170,138,138,138,1,1,1,1,0,16,16,0,1,0,0,0,0,0,0,0,0,0,0,0,0,0,0,0,1,0.873497596153846,0.858473557692308,0.863581730769231,1,0.881481481481482,0.881481481481482,0.881481481481482
neos-612143,29.6,26.88,26.53,26.6,302,242,242,242,0,0,0,0,0,12,12,0,0,0,0,0,0,0,0,0,0,0,0,0,0,0,0,0,1,0.911111111111111,0.899673202614379,0.901960784313726,1,0.850746268656716,0.850746268656716,0.850746268656716
neos-612162,25,23.93,23.58,23.44,197,173,173,173,0,0,0,0,0,3,3,0,0,0,0,0,0,0,0,0,0,0,0,0,0,0,0,0,1,0.958846153846154,0.945384615384615,0.94,1,0.919191919191919,0.919191919191919,0.919191919191919
neos-612162,27.35,26.99,26.73,26.74,184,181,181,181,0,0,0,0,0,6,6,0,0,0,0,0,0,0,0,0,0,0,0,0,0,0,0,0,1,0.987301587301587,0.978130511463845,0.978483245149912,1,0.98943661971831,0.98943661971831,0.98943661971831
neos-612162,21.42,21.04,20.74,20.69,219,189,189,189,1,0,0,0,0,5,5,0,0,0,0,0,0,0,0,0,0,0,0,0,0,0,0,0,1,0.983050847457627,0.969669937555754,0.967439785905441,1,0.905956112852664,0.905956112852664,0.905956112852664
neos-612162,25.63,24.73,24.52,24.59,265,224,224,224,0,0,0,0,0,10,10,0,0,0,0,0,0,0,0,0,0,0,0,0,0,0,0,0,1,0.966203529853549,0.958317686819377,0.960946301164101,1,0.887671232876712,0.887671232876712,0.887671232876712
neos-662469,7200,6607.85,7200,7200,79015,54861,75593,83676,1,1,1,3,0,1,0,0,1,1,1,3,0,1,0,0,1095,2064,783,1674,0,2064,0,1674,1,0.917768365504791,1,1,1,0.694697592112747,0.956746508247488,1.05891423876635
neos-775946,7.03,7.09,7.14,6.38,4,3,3,3,0,0,0,0,0,3,3,0,0,3,3,0,0,3,3,0,0,0,0,0,0,0,0,0,1,1.00747198007472,1.01369863013699,0.919053549190535,1,0.990384615384615,0.990384615384615,0.990384615384615
neos-775946,9.01,8.24,8.19,7.95,3,3,3,7,0,0,0,0,0,3,3,0,0,3,3,0,0,3,3,0,0,0,0,0,0,0,0,0,1,0.923076923076923,0.918081918081918,0.894105894105894,1,1,1,1.03883495145631
neos-775946,7.08,7.58,7.04,10.95,4,5,3,46,0,0,0,0,0,1,3,0,0,1,3,0,0,1,3,0,0,5,0,0,0,5,0,0,1,1.06188118811881,0.995049504950495,1.4789603960396,1,1.00961538461538,0.990384615384615,1.40384615384615
neos-780889,284.39,169.55,170.61,253.71,2,1,1,2,0,0,0,0,0,1,1,0,0,1,1,0,0,1,1,0,0,0,0,0,0,0,0,0,1,0.597603279722485,0.601317495357231,0.892497985213217,1,0.990196078431373,0.990196078431373,1
neos-796608,185.19,0.5,0.5,2.38,864703,2,3,9426,0,0,0,0,0,1,1,0,0,1,1,0,0,1,1,0,40,5,0,2,0,5,0,0,1,0.008056286588968,0.008056286588968,0.018153499113809,1,0.00011794593682,0.000119102269534,0.011015225432844
neos-796608,183.39,0.5,0.5,10.36,843360,2,2,43924,0,0,0,0,0,1,1,0,0,1,1,0,0,1,1,0,37,0,0,2,0,0,0,0,1,0.008134931395412,0.008134931395412,0.061608547101253,1,0.000120930453134,0.000120930453134,0.05219453204657
neos-796608,0.5,0.5,0.5,0.5,2,3,3,3,0,0,0,0,0,1,1,0,0,1,1,0,0,1,1,0,0,3,0,3,0,3,0,3,1,1,1,1,1,1.00980392156863,1.00980392156863,1.00980392156863
neos-796608,181.16,0.5,0.5,19.85,848510,2,2,84136,0,0,0,0,0,1,1,0,0,1,1,0,0,1,1,0,154,0,0,24,0,0,0,20,1,0.008234519104084,0.008234519104084,0.114459815546772,1,0.000120196556722,0.000120196556722,0.099263501490673
neos-807639,16.15,17.09,16.81,15.83,2595,2767,2789,2695,0,0,1,1,0,1,1,0,0,1,1,1,0,1,1,0,365,315,202,294,0,315,0,161,1,1.05481049562682,1.03848396501458,0.98134110787172,1,1.06382189239332,1.07198515769944,1.03710575139147
neos-807639,15.63,16.45,14.92,15.68,2501,2393,2415,2518,0,1,0,1,0,1,1,0,0,1,1,1,0,1,1,0,307,385,336,309,0,385,0,192,1,1.04930847865304,0.957306073361395,1.00300661455201,1,0.958477508650519,0.966935793925413,1.00653594771242
neos-807705,26.69,27.95,28.02,26.01,3259,3928,3229,3131,1,1,1,2,0,2,1,0,1,2,2,2,0,2,1,0,242,474,293,222,0,474,0,162,1,1.04550379198267,1.04803178042615,0.975442397977609,1,1.19916641857696,0.991068770467401,0.961893420660911
neos-807705,26.27,28.09,26.81,23.31,3762,3967,3563,3171,2,1,1,2,0,2,2,0,2,2,2,2,0,2,2,0,284,287,297,231,0,287,0,93,1,1.06674000733407,1.01980198019802,0.891455812247891,1,1.0530813050233,0.94847229414811,0.846970481615743
neos-807705,27.09,26.36,26.06,25.11,3708,2998,3338,3267,2,1,1,1,0,1,2,0,2,1,2,1,0,1,2,0,366,313,222,277,0,313,0,193,1,0.974012103951584,0.963332146671413,0.929512281950872,1,0.813550420168067,0.902836134453782,0.884191176470588
neos-808072,16.06,17.63,17.18,15.9,59,40,40,12,0,0,0,0,0,1,1,0,0,1,1,0,0,1,1,0,0,0,0,0,0,0,0,0,1,1.09202813599062,1.06565064478312,0.990621336459554,1,0.880503144654088,0.880503144654088,0.70440251572327
neos-810326,50.31,26.89,26.74,51.62,1196,527,527,1407,0,1,1,0,0,1,1,0,0,1,1,0,0,1,1,0,275,24,24,179,0,0,0,0,1,0.543558760475541,0.540635353732216,1.02553108555837,1,0.483796296296296,0.483796296296296,1.16280864197531
neos-810326,15.01,49.06,48.91,39.16,177,1095,1109,934,0,0,0,0,0,1,1,0,0,1,1,0,0,1,1,0,0,204,185,92,0,88,0,10,1,3.12679575265459,3.11742660836977,2.50843222985634,1,4.31407942238267,4.36462093862816,3.73285198555957
neos-810326,35.82,88.79,61.62,55.92,851,1956,1246,1733,0,1,0,0,0,2,1,0,0,2,1,0,0,2,1,0,372,235,276,139,0,63,0,0,1,2.43862031504617,1.7007061379685,1.5458989679522,1,2.16193480546793,1.41535226077813,1.92744479495268
neos-825075,1.81,2.07,2.06,1.88,7,11,11,4,0,0,0,0,0,1,1,0,0,1,1,0,0,1,1,0,0,0,0,0,0,0,0,0,1,1.09252669039146,1.08896797153025,1.02491103202847,1,1.03738317757009,1.03738317757009,0.97196261682243
neos-825075,1.77,2.31,2.3,1.69,5,2,2,3,0,0,0,0,0,2,2,0,0,2,2,0,0,2,2,0,0,2,0,0,0,2,0,0,1,1.19494584837545,1.1913357400722,0.971119133574007,1,0.971428571428571,0.971428571428571,0.980952380952381
neos-825075,2.02,1.69,1.68,1.68,6,2,2,2,0,0,0,0,0,1,1,0,0,1,1,0,0,1,1,0,0,0,0,0,0,0,0,0,1,0.890728476821192,0.887417218543046,0.887417218543046,1,0.962264150943396,0.962264150943396,0.962264150943396
neos-841664,2990.72,7200,7200,7200,45747,76827,27197,32883,75,14,12,74,0,448,447,0,8,74,61,5,0,74,61,0,1339,9266,4048,1454,0,9266,0,222,1,2.4069765887182,2.4069765887182,2.4069765887182,1,1.67790695138177,0.595393373612232,0.719414574563221
neos-850681,6.34,2.74,2.8,6.02,6,1,1,5,0,0,0,0,0,1,1,0,0,1,1,0,0,1,1,0,0,0,0,0,0,0,0,0,1,0.509536784741144,0.517711171662125,0.956403269754768,1,0.952830188679245,0.952830188679245,0.990566037735849
neos-850681,6.52,7.25,7.28,8.57,6,2,2,6,0,0,0,0,0,2,2,0,0,2,2,0,0,2,2,0,0,0,0,0,0,0,0,0,1,1.09707446808511,1.10106382978723,1.27260638297872,1,0.962264150943396,0.962264150943396,1
neos-850681,5.38,2.87,2.92,7.36,6,1,1,6,0,0,0,0,0,1,1,0,0,1,1,0,0,1,1,0,0,0,0,0,0,0,0,0,1,0.606583072100313,0.614420062695925,1.31034482758621,1,0.952830188679245,0.952830188679245,1
neos-850681,9.33,2.53,2.56,6.51,7,1,1,6,0,0,0,0,0,1,1,0,0,1,1,0,0,1,1,0,0,0,0,0,0,0,0,0,1,0.341723136495644,0.344627299128751,0.727008712487899,1,0.94392523364486,0.94392523364486,0.990654205607477
neos-860300,15.23,19.11,18.92,18.99,2,2,2,2,0,0,0,0,0,1,1,0,0,1,1,0,0,1,1,0,0,0,0,0,0,0,0,0,1,1.23906346272335,1.22735674676525,1.23166974738139,1,1,1,1
neos-860300,18.03,19.25,19.43,19.42,3,3,3,3,0,0,0,0,0,1,1,0,0,1,1,0,0,1,1,0,0,7,0,0,0,7,0,0,1,1.06410930110352,1.07356805044666,1.07304256437204,1,1,1,1
neos-862348,16.37,18.14,18.25,18.35,209,324,324,324,0,0,0,0,0,1,1,0,0,1,1,0,0,1,1,0,0,0,0,0,0,0,0,0,1,1.10189982728843,1.10823258491652,1.1139896373057,1,1.37216828478964,1.37216828478964,1.37216828478964
neos-862348,12.01,12.58,12.9,9.99,4,4,5,4,0,0,0,0,0,1,1,0,0,1,1,0,0,1,1,0,0,64,0,55,0,64,0,55,1,1.04381245196003,1.06840891621829,0.844734819369716,1,1,1.00961538461538,1
neos-863472,48.06,53.57,49.19,51.84,42426,46819,41341,44510,0,1,0,0,0,1,0,0,0,1,0,0,0,1,0,0,598,702,1230,1255,0,116,0,13,1,1.11231145536078,1.02303302079087,1.07704851202609,1,1.10330150966468,0.974486196679678,1.0490053143959
neos-933815,25.65,45.27,28.06,34.44,12053,31016,13141,23781,0,0,0,0,0,1,1,0,0,1,1,1,0,1,1,0,92,53,54,63,0,29,0,8,1,1.73621013133208,1.09043151969981,1.32983114446529,1,2.56035546778573,1.08952522011026,1.96502921089443
neos-933815,34.66,22.43,38.67,45.34,23405,9438,28395,30347,1,0,0,0,0,1,1,0,1,1,1,0,0,1,1,0,64,51,97,70,0,26,0,0,1,0.65703869882221,1.11245092540662,1.29949523275379,1,0.40578600297809,1.21229525632844,1.29534141671985
neos-934531,69.55,107.16,107.5,121.38,1,3,4,5,0,0,0,0,0,1,1,0,0,1,1,0,0,1,1,0,0,9,0,24,0,9,0,24,1,1.53309709425939,1.53791637136782,1.73465627214741,1,1.01980198019802,1.02970297029703,1.03960396039604
neos-955215,14.46,11.99,14,46.8,17654,15909,18984,122280,0,0,1,0,0,1,1,0,0,1,1,0,0,1,1,0,94,93,163,185,0,93,0,36,1,0.840232858990944,0.970245795601552,3.09184993531695,1,0.901712290188127,1.07491269573054,6.89309451391236
neos-955215,12.23,22.77,14.79,43.28,17102,32370,16292,84887,0,0,0,3,0,1,1,0,0,1,1,0,0,1,1,0,103,209,82,260,0,140,0,97,1,1.79667422524565,1.19349962207105,3.3469387755102,1,1.88757121264969,0.95291245204046,4.94053017091036
neos-955215,6.66,24.57,26.46,17.27,3797,43400,51583,29020,0,0,0,0,0,1,1,0,0,1,1,0,0,1,1,0,27,127,228,66,0,106,0,33,1,3.33812010443864,3.58485639686684,2.38511749347258,1,11.1624326404927,13.2622530151399,7.4724146779574
neos-957323,105.49,153.13,150.97,125.52,3,5,5,8,0,0,0,0,0,1,1,0,0,1,1,0,0,1,1,0,0,0,0,0,0,0,0,0,1,1.44736594985445,1.42708235515072,1.18809277866466,1,1.01941747572816,1.01941747572816,1.04854368932039
neos-957323,77.27,60.82,60.1,59.33,2,1,1,2,0,0,0,0,0,1,1,0,0,1,1,0,0,1,1,0,0,0,0,0,0,0,0,0,1,0.789830075380095,0.78063114858822,0.770793407435799,1,0.990196078431373,0.990196078431373,1
nug08,124.94,187.38,189.7,127.64,3,2,2,3,0,0,0,0,0,1,1,0,0,1,1,0,0,1,1,0,0,5,0,0,0,5,0,0,1,1.49579164681594,1.51421311735747,1.02143878037161,1,0.990291262135922,0.990291262135922,1
nug08,80.11,84.47,84.16,84.12,2,2,2,2,0,0,0,0,0,1,1,0,0,1,1,0,0,1,1,0,0,0,0,0,0,0,0,0,1,1.0537541610159,1.04993219085193,1.04943903341142,1,1,1,1
nug08,179.72,183.85,182.7,180.12,4,2,2,2,0,0,0,0,0,1,1,0,0,1,1,0,0,1,1,0,0,4,0,0,0,4,0,0,1,1.02285303231518,1.01648959716689,1.00221336874723,1,0.980769230769231,0.980769230769231,0.980769230769231
nug08,116.07,105.48,105.17,107.12,2,2,2,2,0,0,0,0,0,1,1,0,0,1,1,0,0,1,1,0,0,0,0,0,0,0,0,0,1,0.909541300076877,0.906893311693858,0.923550012812847,1,1,1,1
nw04,21.58,22.42,22.72,22.52,6,6,7,5,0,0,0,0,0,1,1,0,0,1,1,0,0,1,1,0,0,89,0,119,0,89,0,119,1,1.03720106288751,1.05048715677591,1.04162976085031,1,1,1.00943396226415,0.990566037735849
nw04,23.39,22.82,21.91,23.3,6,6,5,5,0,0,0,0,0,1,2,0,0,1,1,0,0,1,1,0,0,59,0,24,0,59,0,24,1,0.976629766297663,0.939319393193932,0.996309963099631,1,1,0.990566037735849,0.990566037735849
nw04,32.31,22.47,22.56,30.82,9,5,6,7,0,0,0,0,0,1,1,0,0,1,1,0,0,1,1,0,0,93,0,65,0,93,0,65,1,0.704593215250675,0.707295106574602,0.955268688081657,1,0.963302752293578,0.972477064220183,0.981651376146789
opm2-z7-s2,337.53,209.34,220.16,223.15,3782,1527,1923,1710,1,0,0,0,0,1,1,0,1,1,1,0,0,1,1,0,91,309,180,247,0,309,0,0,1,0.621333412105279,0.653295128939828,0.662127433314625,1,0.419113858835652,0.521123132405976,0.466254507985574
opm2-z7-s2,216,275.74,273.5,363.17,1576,3161,3339,4211,0,1,1,0,0,1,1,0,0,1,1,0,0,1,1,0,0,319,207,276,0,319,0,0,1,1.27529953917051,1.26497695852535,1.67820276497696,1,1.94570405727924,2.0519093078759,2.57219570405728
opm2-z7-s2,260.46,267.55,277.01,277.59,1537,2509,2846,2789,0,0,0,0,0,1,1,0,0,1,1,0,0,1,1,0,179,188,217,184,0,103,0,0,1,1.027116958617,1.06329840128509,1.06551671383768,1,1.59376908979841,1.79963347587049,1.7648136835675
opm2-z7-s2,260.69,248.42,263.27,263.09,2091,2470,3015,4173,1,0,1,1,0,1,1,0,1,1,1,1,0,1,1,0,206,535,385,183,0,142,0,45,1,0.953112461309182,1.00985899346555,1.00917115671214,1,1.17298037425833,1.42172523961661,1.95025102692834
p0201,0.5,0.51,0.51,0.51,3,5,5,5,0,0,0,0,0,1,1,0,0,1,1,0,0,1,1,0,0,5,0,5,0,5,0,5,1,1.00666666666667,1.00666666666667,1.00666666666667,1,1.01941747572816,1.01941747572816,1.01941747572816
p0201,0.64,0.61,0.64,0.66,9,7,7,13,0,0,0,0,0,1,1,0,0,1,1,0,0,1,1,0,0,5,0,5,0,5,0,5,1,0.981707317073171,1,1.01219512195122,1,0.981651376146789,0.981651376146789,1.03669724770642
p2756,4.69,3.98,3.86,4.03,5,12,15,16,0,0,0,0,0,1,0,0,0,1,0,0,0,1,0,0,0,2,4,2,0,2,0,2,1,0.875219683655536,0.854130052724077,0.884007029876977,1,1.06666666666667,1.0952380952381,1.1047619047619
pg,17.58,18.62,17.23,16.97,840,784,755,808,1,1,1,1,0,1,1,0,1,1,1,0,0,1,1,0,2,23,2,12,0,23,0,12,1,1.05597416576964,0.981162540365985,0.967168998923574,1,0.940425531914893,0.909574468085106,0.965957446808511
pg,27.09,27.47,27.5,29.03,599,580,512,671,1,1,1,1,0,1,0,0,1,1,1,1,0,1,0,0,2,13,1,12,0,13,0,12,1,1.01352794588822,1.01459594161623,1.06906372374511,1,0.972818311874106,0.875536480686695,1.10300429184549
pg,24.34,26,27.57,25.59,610,786,628,751,1,0,1,1,0,1,1,0,0,1,1,1,0,1,1,0,0,31,0,31,0,31,0,31,1,1.0655090765588,1.12746645619574,1.04932912391476,1,1.24788732394366,1.02535211267606,1.19859154929577
pg,15.85,21.56,17.01,19.97,195,304,174,221,0,0,0,0,0,1,0,0,0,1,0,0,0,1,0,0,6,16,8,14,0,16,0,14,1,1.33887240356083,1.06884272997033,1.24451038575668,1,1.36949152542373,0.928813559322034,1.08813559322034
pg5_34,4180.19,4795.62,4476.46,4940.25,238659,285214,262599,262160,0,1,1,0,0,1,1,0,0,1,1,0,0,1,1,0,1,3,3,1,0,3,0,0,1,1.14719015399922,1.07085781798962,1.18178078489617,1,1.19498741408701,1.100268471555,1.09842979741078
pg5_34,1165.49,952.73,942.62,1138.65,236000,187700,188191,232171,0,1,1,0,0,1,1,0,0,1,1,0,0,1,1,0,0,2,0,2,0,2,0,2,1,0.817606666152303,0.808939639431114,0.976990801464222,1,0.795425667090216,0.797505294366794,0.983782295637442
pg5_34,3500.68,3332.84,3352.24,3688.45,225680,215437,215437,232794,1,0,0,0,0,1,1,0,1,1,1,0,0,1,1,0,2,1,1,1,0,0,0,0,1,0.952068721299491,0.957608919147381,1.05362283246899,1,0.954632828417043,0.954632828417043,1.03150854814421
pg5_34,2965.44,2509.26,2761.66,3114.85,234406,198989,222299,240244,1,1,1,1,0,1,1,0,1,1,1,1,0,1,1,0,1,9,5,1,0,9,0,0,1,0.846219711168943,0.931304863742398,1.05036676959588,1,0.848971881316469,0.948372323096211,1.02489488541871
pp08a,1.86,1.51,1.51,1.6,282,182,227,242,2,3,1,3,0,32,32,0,0,2,1,0,0,1,1,0,0,8,1,10,0,8,0,10,1,0.877622377622378,0.877622377622378,0.909090909090909,1,0.738219895287958,0.856020942408377,0.895287958115183
pp08a,1.65,1.54,1.55,1.57,269,312,312,299,8,5,5,4,0,38,38,0,2,3,3,0,0,3,3,0,2,14,9,2,0,14,0,2,1,0.958490566037736,0.962264150943396,0.969811320754717,1,1.11653116531165,1.11653116531165,1.08130081300813
pp08a,1.55,1.27,1.28,1.37,164,71,60,74,3,0,0,0,0,30,30,0,0,2,2,0,0,2,2,0,3,18,0,18,0,18,0,18,1,0.890196078431373,0.894117647058824,0.929411764705882,1,0.647727272727273,0.606060606060606,0.659090909090909
pp08a,1.14,1.3,1.22,1.35,116,227,162,187,3,0,0,0,0,26,26,0,0,4,4,0,0,4,4,0,2,17,0,0,0,17,0,0,1,1.07476635514019,1.03738317757009,1.0981308411215,1,1.51388888888889,1.21296296296296,1.3287037037037
pp08aCUTS,2.3,2.19,2.34,2.17,329,409,370,339,3,0,2,0,0,24,24,0,0,8,8,0,0,8,8,0,3,27,4,4,0,27,0,2,1,0.966666666666667,1.01212121212121,0.960606060606061,1,1.18648018648019,1.0955710955711,1.02331002331002
pp08aCUTS,2.2,1.63,2.22,1.72,282,98,252,75,7,0,2,0,0,25,26,0,2,3,3,0,0,3,3,0,7,9,2,12,0,9,0,12,1,0.821875,1.00625,0.85,1,0.518324607329843,0.921465968586387,0.458115183246073
pp08aCUTS,1.96,2.2,2.26,2.3,250,348,348,444,7,1,1,3,0,25,25,0,2,3,3,0,0,3,3,0,1,8,2,3,0,8,0,0,1,1.08108108108108,1.10135135135135,1.11486486486487,1,1.28,1.28,1.55428571428571
pp08aCUTS,2.03,2.01,2.09,1.88,226,253,253,192,0,6,6,0,0,31,31,0,0,2,2,0,0,2,2,0,5,6,6,8,0,5,0,8,1,0.993399339933993,1.01980198019802,0.95049504950495,1,1.08282208588957,1.08282208588957,0.895705521472393
qnet1,4.46,2.14,2.16,1.25,29,15,15,3,0,0,0,0,0,2,2,0,0,1,1,0,0,1,1,0,0,0,0,14,0,0,0,14,1,0.575091575091575,0.578754578754579,0.412087912087912,1,0.891472868217054,0.891472868217054,0.798449612403101
qnet1,1.88,1.93,2,1.83,2,3,3,3,0,0,0,0,0,3,3,0,0,0,0,0,0,0,0,0,0,45,0,27,0,45,0,27,1,1.01736111111111,1.04166666666667,0.982638888888889,1,1.00980392156863,1.00980392156863,1.00980392156863
qnet1,4.1,2.2,2.23,4.29,24,7,7,16,0,0,0,0,0,4,4,0,0,1,1,0,0,1,1,0,0,39,0,16,0,39,0,16,1,0.627450980392157,0.633333333333333,1.03725490196078,1,0.862903225806452,0.862903225806452,0.935483870967742
qnet1_o,1.8,1.73,1.68,1.71,3,2,4,4,0,0,0,0,0,1,1,0,0,0,0,0,0,0,0,0,0,28,0,16,0,28,0,16,1,0.975,0.957142857142857,0.967857142857143,1,0.990291262135922,1.00970873786408,1.00970873786408
qnet1_o,0.9,3.41,3.54,1.27,2,22,24,1,0,0,0,0,0,2,2,0,0,1,1,0,0,1,1,0,0,33,0,33,0,33,0,33,1,2.32105263157895,2.38947368421053,1.19473684210526,1,1.19607843137255,1.2156862745098,0.990196078431373
qnet1_o,1.05,1.47,1.49,1.5,1,2,2,2,0,0,0,0,0,4,4,0,0,0,0,0,0,0,0,0,0,20,0,20,0,20,0,20,1,1.20487804878049,1.21463414634146,1.21951219512195,1,1.00990099009901,1.00990099009901,1.00990099009901
ran14x18.disj-8,1538.55,1402.69,1652.13,1209.87,422669,345694,408361,360472,74,83,78,151,0,115,104,0,0,0,0,0,0,0,0,0,61,521,185,225,0,521,0,43,1,0.91175343444513,1.07377480432594,0.786509044850768,1,0.81792657455963,0.966156458964588,0.852881833814684
ran14x18.disj-8,1653.43,1876.99,1470.52,1590.51,509529,535668,497317,451288,143,215,227,211,0,125,97,0,0,0,0,0,0,0,0,0,80,646,216,207,0,646,0,64,1,1.13512811058794,0.889442285258367,0.961968774744171,1,1.05129025232081,0.976037470395131,0.885718826832853
ran14x18.disj-8,2687.47,2194.19,2180.65,1915.68,791360,572880,341276,514968,249,132,59,78,0,81,84,0,1,5,5,0,0,5,5,0,79,672,180,68,0,672,0,33,1,0.816520176903592,0.811483855129498,0.712925939288889,1,0.723953200414424,0.431324387840194,0.65078209890582
ran14x18.disj-8,3072.2,1994.19,1910.57,2091.77,511977,527306,528993,511738,184,189,96,176,0,103,102,0,1,1,0,0,0,0,0,0,125,526,218,156,0,526,0,75,1,0.649222308993883,0.622012885591566,0.680974228816868,1,1.02993495118898,1.03322937761313,0.999533273316318
ran14x18_1,1140.33,905.95,1483.32,1034.59,339134,280572,452645,397884,167,129,49,180,0,59,60,0,0,0,0,1,0,0,0,0,47,332,172,94,0,332,0,58,1,0.79464309183146,1.30051781693288,0.907353701383474,1,0.827369898064463,1.33460973841065,1.17318429166888
ran14x18_1,1274.74,1069.31,1337.75,1129.15,418898,343078,461627,367099,104,160,192,282,0,48,60,0,0,0,0,0,0,0,0,0,52,312,303,83,0,312,0,75,1,0.838971890824149,1.04939094172794,0.88587800021948,1,0.819044482312565,1.1019790070597,0.876374111570938
ran14x18_1,1395.02,1069.47,1018.28,1195.12,497943,402115,366464,488035,74,220,105,182,0,77,48,0,0,0,0,0,0,0,0,0,30,343,191,137,0,343,0,40,1,0.766801335224424,0.730132806120256,0.856807209065773,1,0.807590910824969,0.73600873820132,0.98010613541401
ran14x18_1,1838.22,1058.92,1172.44,1099.2,769180,404079,420189,374316,275,160,197,225,0,47,74,0,0,0,0,0,0,0,0,0,100,228,402,116,0,228,0,37,1,0.576287774165135,0.638009591022281,0.598188362457999,1,0.525399074459235,0.546340734193012,0.486709650582363
ran16x16,78.39,71.11,69.29,73.71,14539,10926,12129,12990,16,21,88,75,0,48,33,0,1,0,0,2,0,0,0,0,26,100,37,33,0,100,0,15,1,0.908300793550825,0.885375991938531,0.941050510139816,1,0.753193524147824,0.835371268529271,0.894186761390805
ran16x16,78.83,89.1,71.35,78.38,15549,18429,12004,16713,38,67,67,44,0,37,26,0,0,1,2,0,0,0,0,0,38,135,32,55,0,135,0,13,1,1.12864837780283,0.906300889389954,0.994363021420519,1,1.18403731867851,0.773467953223848,1.07438174963256
ran16x16,61.78,73.04,71.39,54.52,7934,11819,14566,7237,64,26,91,10,0,43,51,0,1,1,1,0,0,0,0,0,25,126,44,26,0,126,0,7,1,1.17935648295636,1.15307422746097,0.884358075820325,1,1.48356982823002,1.82549166044312,0.913243714214588
ran16x16,75.34,62.2,54.48,68.31,11547,12123,10033,14222,83,30,38,75,0,25,28,0,0,1,0,2,0,0,0,0,57,121,25,27,0,121,0,27,1,0.827875294734084,0.726748755567199,0.907911972753471,1,1.04945479522624,0.870009444492144,1.22967287713574
rmine6,790.99,960.92,834.17,597.46,76215,106821,96163,75052,0,0,1,0,0,1,1,0,0,1,1,0,0,1,1,0,251,762,497,469,0,593,0,130,1,1.21456078990896,1.05452089041528,0.755640854051187,1,1.40104828670641,1.26139029024438,0.984760532005504
rmine6,1048.96,966.67,893.01,738.72,121375,102970,98039,74161,0,0,0,1,0,2,2,0,0,2,2,1,0,2,2,0,754,733,563,576,0,733,0,91,1,0.9216255857366,0.851470532210751,0.704522077031506,1,0.848487343074707,0.807894628524388,0.611327433628319
rmine6,848.93,859.03,815.68,1003.99,101031,89687,92729,101413,0,1,0,0,0,1,1,0,0,1,1,0,0,1,1,0,584,581,497,396,0,536,0,162,1,1.01188333156848,0.960879131222571,1.18243855376325,1,0.887828657879384,0.917908455369768,1.0037772789748
rout,78.59,111.26,66.75,101.36,19814,36853,18626,34535,1,1,2,0,0,1,2,0,1,1,2,0,0,1,2,0,115,565,303,223,0,464,0,223,1,1.41047870335469,0.851237592662395,1.28609121748963,1,1.85562920558401,0.940343476950889,1.73922868333836
satellites1-25,740.49,779.41,889.47,1057.98,817,273,537,1078,1,1,0,0,0,2,2,0,1,2,2,0,0,2,2,0,62,87,41,97,0,87,0,57,1,1.05248890747009,1.200919769653,1.42817839755088,1,0.406761177753544,0.694656488549618,1.28462377317339
satellites1-25,1237.17,664.63,985.14,1133.98,2878,15,2267,2274,0,0,0,1,0,1,1,0,0,1,1,1,0,1,1,0,200,74,96,91,0,74,0,59,1,0.537591768497056,0.796449599004983,0.916659263267564,1,0.038616521155138,0.794828744123573,0.797179314976494
satellites1-25,1044.51,964.13,941.76,537.2,1159,817,2030,253,1,0,1,1,0,2,1,0,1,2,1,1,0,2,1,0,38,118,99,125,0,118,0,125,1,0.923118860651739,0.901722604279251,0.514772694665761,1,0.72835583796664,1.69181890389198,0.280381254964257
set1ch,0.5,0.5,0.5,0.5,2,2,2,2,0,0,0,0,0,53,53,0,0,3,3,0,0,3,3,0,0,0,0,0,0,0,0,0,1,1,1,1,1,1,1,1
triptim1,1261.6,878.99,1250.13,2511.25,7,4,32,178,0,0,0,0,0,2,2,0,0,2,2,0,0,2,2,0,0,2,24,24,0,2,0,0,1,0.6969665769048,0.990915571043878,1.98974338666244,1,0.97196261682243,1.23364485981308,2.5981308411215
triptim1,881.96,253.87,253.03,1684.67,41,1,1,78,0,0,0,1,0,1,1,0,0,1,1,1,0,1,1,0,0,0,0,7,0,0,0,0,1,0.288654072664673,0.28770272719036,1.90911253057896,1,0.716312056737589,0.716312056737589,1.26241134751773
unitcal_7,284.42,252.3,345.08,228.75,155,9,73,13,0,0,0,0,0,2,1,0,0,2,1,0,0,2,1,0,0,199,4,84,0,199,0,84,1,0.887464088010651,1.21252890477192,0.804954102725807,1,0.427450980392157,0.67843137254902,0.443137254901961
unitcal_7,374.73,254.69,327.6,220.96,356,9,83,6,0,0,0,0,0,3,1,0,0,3,1,0,0,3,1,0,0,1724,6,85,0,1724,0,85,1,0.680515263620153,0.87456418172624,0.590743352939611,1,0.239035087719298,0.401315789473684,0.232456140350877
unitcal_7,410.88,325.55,408.1,273.74,377,87,412,29,1,0,0,0,0,1,1,0,1,1,1,0,0,1,1,0,8,209,10,81,0,209,0,81,1,0.792828008157716,0.993250461299408,0.667038943381567,1,0.392033542976939,1.07337526205451,0.270440251572327
unitcal_7,378.52,379.55,474.13,418.37,572,198,426,356,0,0,0,0,0,1,1,0,0,1,1,0,0,1,1,0,6,230,15,77,0,230,0,77,1,1.0027139544688,1.25192348229342,1.1050010539629,1,0.443452380952381,0.782738095238095,0.678571428571429
zib54-UUE,1705.36,1559.33,1221.46,1848.4,76321,57764,56944,85847,14,8,4,28,0,71,62,0,13,15,10,9,0,15,10,0,35,34,23,33,0,34,0,25,1,0.914420169249162,0.716413886870297,1.08382756276518,1,0.757174075188757,0.746444040250716,1.12465160099973
zib54-UUE,1200.19,1242.27,1276.65,1380.46,46323,59899,56042,60446,12,14,9,17,0,52,52,0,9,11,12,6,0,11,12,0,24,46,27,33,0,46,0,33,1,1.03503192667272,1.06365354356929,1.15007617446033,1,1.29244124679577,1.20935743058398,1.3042241992116
zib54-UUE,1894.37,2275.42,1879.34,1726.73,74518,88909,65292,67890,27,12,8,5,0,82,97,0,14,12,16,7,0,12,16,0,31,53,13,69,0,53,0,19,1,1.2010425405066,0.992070149891578,0.911552889409456,1,1.19286231204267,0.876356911201051,0.911174247500603
zib54-UUE,1630.16,1303.98,1733.74,1470.62,88765,61000,78513,78876,11,8,17,9,0,47,83,0,2,12,9,5,0,12,9,0,33,37,26,32,0,37,0,32,1,0.800031879153486,1.06350082150126,0.902192304862797,1,0.68755978169133,0.88463399538626,0.888718843189107
